1000,Zebedee,Jindra,8839206710,6
1001,Karry,Jeanet,4593401505,7
1002,Meredith,Amberger,8363147970,4
1003,Debra,McSparran,6373502326,0
1004,Lulu,Neiland,5225152876,5
1005,Gleda,Moorhouse,1352551985,7
1006,Ursulina,Iliffe,5971434807,0
1007,Ardys,Bims,7598236915,8
1008,Cyndia,Utton,4083782533,11
1009,Ricki,Standen,8613011048,9
1010,Hoyt,Wims,7277265041,7
1011,Noak,Edwin,4633397902,0
1012,Darcey,Albery,1319381321,5
1013,Peggy,Mundie,1047968099,5
1014,Merrel,Beetham,1809280748,22
1015,Alphonso,Burrill,7136893327,0
1016,Sybila,Iveagh,4887209742,3
1017,Trixie,Lukacs,3824198692,2
1018,Dexter,Oliveira,9138993715,6
1019,Elke,McCool,1813869814,0
1020,Cosetta,Henrie,5166333951,9
1021,Robinet,Schieferstein,3596768637,0
1022,Jerrome,McGahey,3316191900,6
1023,Lowe,Scotchbrook,2638435480,8
1024,Kimmi,Haney,8158931164,0
1025,Marika,Willgrass,7855036102,3
1026,Aloysia,Henrionot,4257097560,4
1027,Concordia,Strangman,2837757280,0
1028,Ambros,Golds,6214274325,14
1029,Irwin,Stailey,4559729326,6
1030,Megan,McFee,7352120297,1
1031,Lek,Cotterrill,3311326002,0
1032,Maureen,McEvon,5231381600,2
1033,Meridel,Harrowell,9216057378,9
1034,Harrison,Varden,2976041186,9
1035,Darsie,Soppit,5758755452,8
1036,Kirstin,Dwelley,4121395883,13
1037,Paddy,Ridgwell,6127760203,0
1038,Carlynn,Moreton,2365168160,5
1039,Barrett,Itzig,7116675224,8
1040,Henderson,Earp,6856571713,6
1041,Cazzie,Crichley,4991517287,4
1042,Norah,Watmore,4404570159,23
1043,Emilie,Yakovlev,9577594201,0
1044,See,Wolton,2927742101,5
1045,Dorine,Marusic,6138843241,0
1046,Catrina,Yerby,7807784624,4
1047,Janeen,Wooderson,5894474518,4
1048,Rudy,Morando,1135718829,0
1049,Cassandry,Anfonsi,4043470273,0
1051,1,1,1,0
1051,ha,ha,01655789,0
1051,First,Name,012346789,0
