C0001,Karry,Jeanet,4593401505,7
C0002,Meredith,Amberger,8363147970,4
C0003,Debra,McSparran,6373502326,0
C0004,Lulu,Neiland,5225152876,5
C0005,Gleda,Moorhouse,1352551985,7
C0006,Ursulina,Iliffe,5971434807,0
C0007,Ardys,Bims,7598236915,8
C0008,Cyndia,Utton,4083782533,11
C0009,Ricki,Standen,8613011048,9
C0010,Hoyt,Wims,7277265041,7
C0011,Noak,Edwin,4633397902,0
C0012,Darcey,Albery,1319381321,5
C0013,Peggy,Mundie,1047968099,5
C0014,Merrel,Beetham,1809280748,22
C0015,Alphonso,Burrill,7136893327,0
C0016,Sybila,Iveagh,4887209742,3
C0017,Trixie,Lukacs,3824198692,2
C0018,Dexter,Oliveira,9138993715,6
C0019,Elke,McCool,1813869814,0
C0020,Cosetta,Henrie,5166333951,9
C0021,Robinet,Schieferstein,3596768637,0
C0022,Jerrome,McGahey,3316191900,6
C0023,Lowe,Scotchbrook,2638435480,8
C0024,Kimmi,Haney,8158931164,0
C0025,Marika,Willgrass,7855036102,3
C0026,Aloysia,Henrionot,4257097560,4
C0027,Concordia,Strangman,2837757280,0
C0028,Ambros,Golds,6214274325,14
C0029,Irwin,Stailey,4559729326,6
C0030,Megan,McFee,7352120297,1
C0031,Lek,Cotterrill,3311326002,0
C0032,Maureen,McEvon,5231381600,2
C0033,Meridel,Harrowell,9216057378,9
C0034,Harrison,Varden,2976041186,9
C0035,Darsie,Soppit,5758755452,8
C0036,Kirstin,Dwelley,4121395883,13
C0037,Paddy,Ridgwell,6127760203,0
C0038,Carlynn,Moreton,2365168160,5
C0039,Barrett,Itzig,7116675224,8
C0040,Henderson,Earp,6856571713,6
C0041,Cazzie,Crichley,4991517287,4
C0042,Norah,Watmore,4404570159,23
C0043,Emilie,Yakovlev,9577594201,0
C0044,See,Wolton,2927742101,5
C0045,Dorine,Marusic,6138843241,0
C0046,Catrina,Yerby,7807784624,4
C0047,Janeen,Wooderson,5894474518,4
C0048,Rudy,Morando,1135718829,0
C0049,Cassandry,Anfonsi,4043470273,0
C0050,Zebedee,Jindra,8839206710,6
C0051,Verniy,Lust,0126686666,0
C0052,HAHA,AH,012345679,0
C0053,Fu,Hua,9876545433,0
C0054,1,1,1,0
C0055,1,1,1,0
C0056,1,1,1,0
